APPL_NO,CUST_NO,REL_CD
0000500101,00010001,PRI
0000500101,00010002,GTR
0000500102,00010001,PRI
0000500102,00010002,GTR
0000500103,00010003,PRI
0000500103,00010004,COB
0000500104,00010005,PRI
0000500104,00010006,GTR
0000500104,00010007,SGN
0000500105,00010007,PRI
0000500106,00010010,PRI
0000500107,00010009,PRI
0000500108,00010008,PRI
0000500109,00010011,PRI
0000500109,00010099,GTR
0000500110,00010008,PRI
0000500111,00010015,PRI
0000500112,10015,PRI
0000500113,00010009,COB
0000500199,00010003,PRI
