APPL_NO,PROD_CD,APPL_STAT,REQ_AMT,INT_RATE,TERM_MOS,APPL_DATE,BRANCH_NO
0000500101,320,U,1250000.00,006500,240,20260803,014
0000500102,310,A,180000.00,007125,84,20260611,014
0000500103,210,S,412500.00,005875,360,20260902,003
0000500104,310,U,350000.00,006750,120,20260826,007
0000500105,110,D,28500.00,008250,60,20260714,003
0000500106,220,P,60000.00,007375,180,20260921,011
0000500107,120,S,0.00,011990,36,20260910,011
0000500108,320,A,2400000.00,6.875,300,20260618,014
0000500109,310,S,95000.00,007500,60,20260829,007
0000500110,330,A,250000.00,007875,12,20260505,014
0000500111,110,X,41000.00,006990,72,20260402,003
0000500112,120,S,15000.00,010500,48,20260917,011
0000500113,210,U,385000.00,006125,360,20260908,003
