CUST_NO,CUST_TYPE,BUSINESS_NAME,LAST_NAME,FIRST_NAME,MIDDLE_INIT,RECORD_STATUS,LAST_MAINT_DATE
00010001,B,Cedar Hollow Logistics LLC,,,,A,20260814
00010002,I,,Marsh,Elena,R,A,20260702
00010003,I,,Okafor,Daniel,,A,20260519
00010004,I,,Okafor,Priya,S,A,20260519
00010005,B,Bluestem Dental Group PLLC,,,,A,20260901
00010006,I,,Lindqvist,Tomas,J,A,20260901
00010007,I,,Reyes,Marisol,,A,20260611
00010008,B,Northgate Self Storage LP,,,,A,20260725
00010009,I,,Abernathy,Colin,W,A,20260808
00010010,I,,"  Haverford ","Grace  ",,A,20260915
00010011,I,,,Jordan,,A,20260320
00010012,I,,Pruitt,Samuel,,D,20251130
00010013,B,Fernbrook Orchards Inc,,,,A,20260402
00010014,T,Whitcombe Family Trust,,,,A,20260116
00010013,B,Fernbrook Orchard Holdings Inc,,,,A,20260403
00010015,I,,Delgado,Ana,M,A,20260729
